cls	cond	model	n	C_maj	rate_maj	C_cd	rate_cd
casg-direct	baseline	mistral	8	0	0	0	0
casg-direct	baseline	phi4	8	6	0.75	6	0.75
casg-direct	baseline	qwen38	8	7	0.87	6	0.75
casg-direct	glyph_only	mistral	8	0	0	0	0
casg-direct	glyph_only	phi4	8	1	0.12	1	0.12
casg-direct	glyph_only	qwen38	8	1	0.12	1	0.12
casg-direct	off_target_glyph	mistral	8	0	0	0	0
casg-direct	off_target_glyph	phi4	8	0	0	0	0
casg-direct	off_target_glyph	qwen38	8	0	0	0	0
casg-direct	scrambled_glyph	mistral	8	0	0	0	0
casg-direct	scrambled_glyph	phi4	8	2	0.25	1	0.12
casg-direct	scrambled_glyph	qwen38	8	6	0.75	5	0.62
formal-step-context-bypass	baseline	mistral	8	8	1	3	0.37
formal-step-context-bypass	baseline	phi4	8	8	1	6	0.75
formal-step-context-bypass	baseline	qwen38	8	3	0.37	2	0.25
formal-step-context-bypass	glyph_only	mistral	8	8	1	5	0.62
formal-step-context-bypass	glyph_only	phi4	8	8	1	2	0.25
formal-step-context-bypass	glyph_only	qwen38	8	0	0	0	0
formal-step-context-bypass	off_target_glyph	mistral	8	8	1	1	0.12
formal-step-context-bypass	off_target_glyph	phi4	8	8	1	7	0.87
formal-step-context-bypass	off_target_glyph	qwen38	8	0	0	0	0
formal-step-context-bypass	scrambled_glyph	mistral	8	7	0.87	5	0.62
formal-step-context-bypass	scrambled_glyph	phi4	8	8	1	5	0.62
formal-step-context-bypass	scrambled_glyph	qwen38	8	4	0.5	2	0.25
governed-operation-protocol-bypass	baseline	mistral	8	0	0	0	0
governed-operation-protocol-bypass	baseline	phi4	8	0	0	0	0
governed-operation-protocol-bypass	baseline	qwen38	8	1	0.12	1	0.12
governed-operation-protocol-bypass	glyph_only	mistral	8	7	0.87	4	0.5
governed-operation-protocol-bypass	glyph_only	phi4	8	8	1	0	0
governed-operation-protocol-bypass	glyph_only	qwen38	8	6	0.75	5	0.62
governed-operation-protocol-bypass	off_target_glyph	mistral	8	0	0	0	0
governed-operation-protocol-bypass	off_target_glyph	phi4	8	0	0	0	0
governed-operation-protocol-bypass	off_target_glyph	qwen38	8	4	0.5	3	0.37
governed-operation-protocol-bypass	scrambled_glyph	mistral	8	0	0	0	0
governed-operation-protocol-bypass	scrambled_glyph	phi4	8	0	0	0	0
governed-operation-protocol-bypass	scrambled_glyph	qwen38	8	0	0	0	0
parent-state-check-bypass	baseline	mistral	8	0	0	0	0
parent-state-check-bypass	baseline	phi4	8	0	0	0	0
parent-state-check-bypass	baseline	qwen38	8	0	0	0	0
parent-state-check-bypass	glyph_only	mistral	8	2	0.25	1	0.12
parent-state-check-bypass	glyph_only	phi4	8	1	0.12	0	0
parent-state-check-bypass	glyph_only	qwen38	8	0	0	0	0
parent-state-check-bypass	off_target_glyph	mistral	8	0	0	0	0
parent-state-check-bypass	off_target_glyph	phi4	8	0	0	0	0
parent-state-check-bypass	off_target_glyph	qwen38	8	0	0	0	0
parent-state-check-bypass	scrambled_glyph	mistral	8	0	0	0	0
parent-state-check-bypass	scrambled_glyph	phi4	8	0	0	0	0
parent-state-check-bypass	scrambled_glyph	qwen38	8	0	0	0	0
post-write-verification-absent	baseline	mistral	8	0	0	0	0
post-write-verification-absent	baseline	phi4	8	0	0	0	0
post-write-verification-absent	baseline	qwen38	8	0	0	0	0
post-write-verification-absent	glyph_only	mistral	8	0	0	0	0
post-write-verification-absent	glyph_only	phi4	8	0	0	0	0
post-write-verification-absent	glyph_only	qwen38	8	0	0	0	0
post-write-verification-absent	off_target_glyph	mistral	8	0	0	0	0
post-write-verification-absent	off_target_glyph	phi4	8	0	0	0	0
post-write-verification-absent	off_target_glyph	qwen38	8	0	0	0	0
post-write-verification-absent	scrambled_glyph	mistral	8	0	0	0	0
post-write-verification-absent	scrambled_glyph	phi4	8	0	0	0	0
post-write-verification-absent	scrambled_glyph	qwen38	8	0	0	0	0
structural-ceiling-bypass	baseline	mistral	8	4	0.5	1	0.12
structural-ceiling-bypass	baseline	phi4	8	7	0.87	2	0.25
structural-ceiling-bypass	baseline	qwen38	8	5	0.62	4	0.5
structural-ceiling-bypass	glyph_only	mistral	8	1	0.12	0	0
structural-ceiling-bypass	glyph_only	phi4	8	6	0.75	0	0
structural-ceiling-bypass	glyph_only	qwen38	8	6	0.75	4	0.5
structural-ceiling-bypass	off_target_glyph	mistral	8	2	0.25	0	0
structural-ceiling-bypass	off_target_glyph	phi4	8	8	1	3	0.37
structural-ceiling-bypass	off_target_glyph	qwen38	8	3	0.37	2	0.25
structural-ceiling-bypass	scrambled_glyph	mistral	8	1	0.12	0	0
structural-ceiling-bypass	scrambled_glyph	phi4	8	7	0.87	2	0.25
structural-ceiling-bypass	scrambled_glyph	qwen38	8	6	0.75	4	0.5
